title,company,location,link
BBC Software Engineering Graduate Trainee Scheme,BBC,London,https://www.indeed.co.uk/jobs?q=python&limit=50&vjk=6c43e9a84cc10932
Research & Development Graduate Scheme,BBC,London,https://www.indeed.co.uk/jobs?q=python&limit=50&vjk=87fa819e4c68bac4
Python Developer,PwC,London,https://www.indeed.co.uk/jobs?q=python&limit=50&vjk=15b138b9cc084aed
Digital Degree Apprentice (Software Development),NHS Digital,Leeds LS1,https://www.indeed.co.uk/jobs?q=python&limit=50&vjk=4e429823f579ef15
Trainee Software Developers,Aeromark,Bedford,https://www.indeed.co.uk/jobs?q=python&limit=50&vjk=1c74f33b5f559b13
Python Developer,HarperCollins Publishers,London,https://www.indeed.co.uk/jobs?q=python&limit=50&vjk=8a3819b365cda2f9
Junior Python Developer Â£35k,Freshtech IT,London,https://www.indeed.co.uk/jobs?q=python&limit=50&vjk=f03e9beffd3286c4
Junior Quantitative Analyst Python R Matlab,Client Server,London,https://www.indeed.co.uk/jobs?q=python&limit=50&vjk=1ba3d3541c7fc22c
Junior Python Programmer,Intouch Games,Birmingham,https://www.indeed.co.uk/jobs?q=python&limit=50&vjk=6ee657f013a3a4d9
Software Development Internship,Amazon UK Services Ltd.,United Kingdom,https://www.indeed.co.uk/jobs?q=python&limit=50&vjk=ec0990d243f0ad88
Siri - Software Engineer (Graduate Position),Apple,Cambridgeshire,https://www.indeed.co.uk/jobs?q=python&limit=50&vjk=5569929ccee426d4
Python/Pipeline Engineer,Cambridge Cancer Genomics,Cambridge,https://www.indeed.co.uk/jobs?q=python&limit=50&vjk=6d5db2b742a9f075
Shazam - Regression QA,Apple,London,https://www.indeed.co.uk/jobs?q=python&limit=50&vjk=639edb5bb0461572
Computational Linguist,PolyAI,London EC1N,https://www.indeed.co.uk/jobs?q=python&limit=50&vjk=a95cd19776323f4d
Python Developer,CGI,Surrey,https://www.indeed.co.uk/jobs?q=python&limit=50&vjk=223d9a420300c43f
Junior Data Analyst,Whitbread,Dunstable,https://www.indeed.co.uk/jobs?q=python&limit=50&vjk=b4223fe9ba392438
Global Quantitative Strategies| Off Cycle Programme,Bank of America,London,https://www.indeed.co.uk/jobs?q=python&limit=50&vjk=a010d946e406e395
Business Analyst - Entry Level,Moffatt & Nichol,London EC2N,https://www.indeed.co.uk/jobs?q=python&limit=50&vjk=04965e41cb3e0e93
Backend Software Engineer (Python / Django),"Tivix, Inc.",London,https://www.indeed.co.uk/jobs?q=python&limit=50&vjk=16b6fb793093768d
"Full Stack Developer, Python",IQVIA,Cambridge,https://www.indeed.co.uk/jobs?q=python&limit=50&vjk=cdf9a4dd599396bc
Software Development Graduate,NHS Digital,Leeds LS1,https://www.indeed.co.uk/jobs?q=python&limit=50&vjk=9484681c4119e238
Junior Data Analyst (Part-time 10hrs - 15hrs per-week),Black Swan Data Ltd,Exeter,https://www.indeed.co.uk/jobs?q=python&limit=50&vjk=78a8b9ea5f807ba9
C++ Developer with Python and SQL or PL/SQL,Expert Employment,London / Gatwick Airport,https://www.indeed.co.uk/jobs?q=python&limit=50&vjk=ee387b97df68f98c
Python Coder,Willis Towers Watson,Redhill,https://www.indeed.co.uk/jobs?q=python&limit=50&vjk=558bfb7bab288ccd
2020 Placement Students and Graduates in Engineering and Computer Science,Contrast Security,Belfast,https://www.indeed.co.uk/jobs?q=python&limit=50&vjk=5874fbad13cbb273
Junior Quant Analyst,Man,London,https://www.indeed.co.uk/jobs?q=python&limit=50&vjk=98b03b0ce414980b
Python Developer,Foundry,London,https://www.indeed.co.uk/jobs?q=python&limit=50&vjk=d42539bd9655fde1
Junior Test Analyst,Intercept IP,Huddersfield HD1,https://www.indeed.co.uk/jobs?q=python&limit=50&vjk=79def6c4f602f112
Senior Analyst,Lloyds Banking Group,London,https://www.indeed.co.uk/jobs?q=python&limit=50&vjk=30a779f3786e1bb8
"Software Engineering Intern, Summer 2020",Quantcast,London,https://www.indeed.co.uk/jobs?q=python&limit=50&vjk=3d627e10e2fbd2a6
Junior Data Analyst,Sparta Global,Birmingham B2,https://www.indeed.co.uk/jobs?q=python&limit=50&vjk=03395505856c2eb7
Python Software Engineer,Expedia Group,London EC1V,https://www.indeed.co.uk/jobs?q=python&limit=50&vjk=2d59ffa023a71dc7
Rates Technology RAD Developer - VBA / Python - Associate,JP Morgan Chase,London E14,https://www.indeed.co.uk/jobs?q=python&limit=50&vjk=2d9fdf30b8879e99
Junior Data Scientist,REPLY,United Kingdom,https://www.indeed.co.uk/jobs?q=python&limit=50&vjk=cd9dbfa08e8e784c
Python Software Engineer - Markets Technology - Commodities - Vice President,JP Morgan Chase,London E14,https://www.indeed.co.uk/jobs?q=python&limit=50&vjk=b814e2b5474286ea
Computational Biologist,University of Oxford,Oxford,https://www.indeed.co.uk/jobs?q=python&limit=50&vjk=5d141985f2adbd69
Python Engineer,Babylon Health,London,https://www.indeed.co.uk/jobs?q=python&limit=50&vjk=34f0c8dda2559676
Software Development Year in Industry,NHS Digital,Leeds LS1,https://www.indeed.co.uk/jobs?q=python&limit=50&vjk=0feff03e0b09c202
Python Developer,Centrica,London SW7,https://www.indeed.co.uk/jobs?q=python&limit=50&vjk=abee32d9fa4d8147
Web Developer Intern,Reboot Online Marketing,Elstree,https://www.indeed.co.uk/jobs?q=python&limit=50&vjk=cf236317310953d4
Mako Summer Trading Internship,Mako,London,https://www.indeed.co.uk/jobs?q=python&limit=50&vjk=04c3d355cdaa68fc
Backend Developer (Python),Chronomics,Bristol,https://www.indeed.co.uk/jobs?q=python&limit=50&vjk=128236f9aae020a8
Cancer Bioinformatician,Cambridge Cancer Genomics,Cambridge,https://www.indeed.co.uk/jobs?q=python&limit=50&vjk=e002dabc3e287f45
Python Developer (AWS Experience),Version 1,London,https://www.indeed.co.uk/jobs?q=python&limit=50&vjk=3117533846b883ff
"Software Engineer - Python, Javascript (node.js)",Electronic Arts,Guildford,https://www.indeed.co.uk/jobs?q=python&limit=50&vjk=799b22aff4b782fb
Senior Python Developer,Owlstone,Cambridge,https://www.indeed.co.uk/jobs?q=python&limit=50&vjk=147c79b52cf74826
CFD R&D Engineer,McLaren,Woking,https://www.indeed.co.uk/jobs?q=python&limit=50&vjk=3b457b6a84a88d22
Python Programmer,Intouch Games,Birmingham,https://www.indeed.co.uk/jobs?q=python&limit=50&vjk=5fa6bdfa07b9c865
High Touch Engineer,Cisco Careers,London,https://www.indeed.co.uk/jobs?q=python&limit=50&vjk=6303492a0d9c9d32
Data Analyst - Customer Rectification,TSB Banking,London,https://www.indeed.co.uk/jobs?q=python&limit=50&vjk=493350f1c4500a63
